{
    "counter": {
        "ACTIVE": 18683,
        "INACTIVE": 2317,
        "INVALID": 0,
        "MALICIOUS": 0,
        "SANE": 0,
        "VALID": 0,
        "total": 21000
    },
    "percentage": {
        "ACTIVE": 88.96666666666667,
        "INACTIVE": 11.034384227069244,
        "INVALID": 0,
        "MALICIOUS": 0,
        "SANE": 0,
        "VALID": 0,
        "total": 100.00105089373591
    }
}