{
    "counter": {
        "ACTIVE": 18898,
        "INACTIVE": 2102,
        "INVALID": 0,
        "MALICIOUS": 0,
        "SANE": 0,
        "VALID": 0,
        "total": 21000
    },
    "percentage": {
        "ACTIVE": 89.99047619047619,
        "INACTIVE": 10.010477188303648,
        "INVALID": 0,
        "MALICIOUS": 0,
        "SANE": 0,
        "VALID": 0,
        "total": 100.00095337877984
    }
}