{
    "counter": {
        "ACTIVE": 17570,
        "INACTIVE": 3426,
        "INVALID": 3,
        "MALICIOUS": 0,
        "SANE": 0,
        "VALID": 0,
        "total": 20999
    },
    "percentage": {
        "ACTIVE": 83.67065098338016,
        "INACTIVE": 16.31583960377179,
        "INVALID": 0.01620745542949757,
        "MALICIOUS": 0,
        "SANE": 0,
        "VALID": 0,
        "total": 100.00269804258144
    }
}