{
    "counter": {
        "ACTIVE": 16670,
        "INACTIVE": 4328,
        "INVALID": 1,
        "MALICIOUS": 0,
        "SANE": 0,
        "VALID": 0,
        "total": 20999
    },
    "percentage": {
        "ACTIVE": 79.38473260631459,
        "INACTIVE": 20.611486808267454,
        "INVALID": 0.006739906989283548,
        "MALICIOUS": 0,
        "SANE": 0,
        "VALID": 0,
        "total": 100.00295932157132
    }
}