{
    "counter": {
        "ACTIVE": 19585,
        "INACTIVE": 1415,
        "INVALID": 0,
        "MALICIOUS": 0,
        "SANE": 0,
        "VALID": 0,
        "total": 21000
    },
    "percentage": {
        "ACTIVE": 93.26190476190476,
        "INACTIVE": 6.7551439346923186,
        "INVALID": 0,
        "MALICIOUS": 0,
        "SANE": 0,
        "VALID": 0,
        "total": 100.01704869659707
    }
}