{
    "counter": {
        "ACTIVE": 19106,
        "INACTIVE": 1894,
        "INVALID": 0,
        "MALICIOUS": 0,
        "SANE": 0,
        "VALID": 0,
        "total": 21000
    },
    "percentage": {
        "ACTIVE": 90.98095238095237,
        "INACTIVE": 9.01990665777693,
        "INVALID": 0,
        "MALICIOUS": 0,
        "SANE": 0,
        "VALID": 0,
        "total": 100.0008590387293
    }
}