{
    "counter": {
        "ACTIVE": 18792,
        "INACTIVE": 2208,
        "INVALID": 0,
        "MALICIOUS": 0,
        "SANE": 0,
        "VALID": 0,
        "total": 21000
    },
    "percentage": {
        "ACTIVE": 89.48571428571428,
        "INACTIVE": 10.515287170206687,
        "INVALID": 0,
        "MALICIOUS": 0,
        "SANE": 0,
        "VALID": 0,
        "total": 100.00100145592097
    }
}