{
    "counter": {
        "ACTIVE": 19289,
        "INACTIVE": 1711,
        "INVALID": 0,
        "MALICIOUS": 0,
        "SANE": 0,
        "VALID": 0,
        "total": 21000
    },
    "percentage": {
        "ACTIVE": 91.85238095238095,
        "INACTIVE": 8.159664266297868,
        "INVALID": 0,
        "MALICIOUS": 0,
        "SANE": 0,
        "VALID": 0,
        "total": 100.01204521867882
    }
}