{
    "counter": {
        "ACTIVE": 14812,
        "INACTIVE": 6188,
        "INVALID": 0,
        "MALICIOUS": 0,
        "SANE": 0,
        "VALID": 0,
        "total": 21000
    },
    "percentage": {
        "ACTIVE": 73.10235909584443,
        "INACTIVE": 29.466666666666665,
        "INVALID": 0,
        "MALICIOUS": 0,
        "SANE": 0,
        "VALID": 0,
        "total": 102.5690257625111
    }
}