{
    "counter": {
        "ACTIVE": 18602,
        "INACTIVE": 2398,
        "INVALID": 0,
        "MALICIOUS": 0,
        "SANE": 0,
        "VALID": 0,
        "total": 21000
    },
    "percentage": {
        "ACTIVE": 88.58095238095238,
        "INACTIVE": 11.420135250976283,
        "INVALID": 0,
        "MALICIOUS": 0,
        "SANE": 0,
        "VALID": 0,
        "total": 100.00108763192867
    }
}